<?xml version="1.0" encoding="UTF-8"?>

<!-- generated on 2025-04-22 23:06:18 by Eclipse SUMO netedit Version 1.22.0
<neteditConfiguration xmlns:xsi="http://www.w3.org/2001/XMLSchema-instance" xsi:noNamespaceSchemaLocation="http://sumo.dlr.de/xsd/neteditConfiguration.xsd">

    <input>
        <sumocfg-file value="C:\Users\Admin\Downloads\Driving in Circles\circle.sumocfg"/>
        <additional-files value="C:\Users\Admin\Downloads\Driving in Circles\circle.add.xml"/>
        <route-files value="C:\Users\Admin\Downloads\Driving in Circles\rou.rou.xml"/>
        <sumo-net-file value="C:\Users\Admin\Downloads\Driving in Circles\net.net.xml"/>
    </input>

    <output>
        <output-file value="C:\Users\Admin\Downloads\Driving in Circles\net.net.xml"/>
    </output>

    <processing>
        <geometry.min-radius.fix.railways value="false"/>
        <geometry.max-grade.fix value="false"/>
        <offset.disable-normalization value="true"/>
        <lefthand value="0"/>
    </processing>

    <junctions>
        <no-turnarounds value="true"/>
        <junctions.corner-detail value="5"/>
        <junctions.limit-turn-speed value="5.50"/>
        <rectangular-lane-cut value="0"/>
    </junctions>

    <pedestrian>
        <walkingareas value="0"/>
    </pedestrian>

</neteditConfiguration>
-->

<net version="1.20" junctionCornerDetail="5" limitTurnSpeed="5.50" xmlns:xsi="http://www.w3.org/2001/XMLSchema-instance" xsi:noNamespaceSchemaLocation="http://sumo.dlr.de/xsd/net_file.xsd">

    <location netOffset="100.00,100.00" convBoundary="0.00,0.00,200.00,200.00" origBoundary="-100.00,-100.00,100.00,100.00" projParameter="!"/>

    <type id="car" numLanes="1" speed="13.90"/>

    <edge id=":1_0" function="internal">
        <lane id=":1_0_0" index="0" speed="4.19" length="1.26" shape="99.39,198.01 99.69,198.11 100.00,198.14 100.31,198.11 100.61,198.01"/>
    </edge>
    <edge id=":2_0" function="internal">
        <lane id=":2_0_0" index="0" speed="4.22" length="1.28" shape="168.86,169.73 169.20,169.57 169.42,169.42 169.57,169.20 169.73,168.86"/>
    </edge>
    <edge id=":3_0" function="internal">
        <lane id=":3_0_0" index="0" speed="4.19" length="1.26" shape="198.01,100.61 198.11,100.31 198.14,100.00 198.11,99.69 198.01,99.39"/>
    </edge>
    <edge id=":4_0" function="internal">
        <lane id=":4_0_0" index="0" speed="4.22" length="1.28" shape="169.73,31.14 169.57,30.80 169.42,30.58 169.20,30.43 168.86,30.27"/>
    </edge>
    <edge id=":5_0" function="internal">
        <lane id=":5_0_0" index="0" speed="4.19" length="1.26" shape="100.61,1.99 100.31,1.89 100.00,1.86 99.69,1.89 99.39,1.99"/>
    </edge>
    <edge id=":6_0" function="internal">
        <lane id=":6_0_0" index="0" speed="4.22" length="1.28" shape="31.14,30.27 30.80,30.43 30.58,30.58 30.43,30.80 30.27,31.14"/>
    </edge>
    <edge id=":7_0" function="internal">
        <lane id=":7_0_0" index="0" speed="4.19" length="1.26" shape="1.99,99.39 1.89,99.69 1.86,100.00 1.89,100.31 1.99,100.61"/>
    </edge>
    <edge id=":8_0" function="internal">
        <lane id=":8_0_0" index="0" speed="4.22" length="1.28" shape="30.27,168.86 30.43,169.20 30.58,169.42 30.80,169.57 31.14,169.73"/>
    </edge>

    <edge id="edge1" from="1" to="2" priority="-1" type="car">
        <lane id="edge1_0" index="0" speed="13.90" length="73.88" shape="100.61,198.01 168.86,169.73"/>
    </edge>
    <edge id="edge2" from="2" to="3" priority="-1" type="car">
        <lane id="edge2_0" index="0" speed="13.90" length="73.88" shape="169.73,168.86 198.01,100.61"/>
    </edge>
    <edge id="edge3" from="3" to="4" priority="-1" type="car">
        <lane id="edge3_0" index="0" speed="13.90" length="73.88" shape="198.01,99.39 169.73,31.14"/>
    </edge>
    <edge id="edge4" from="4" to="5" priority="-1" type="car">
        <lane id="edge4_0" index="0" speed="13.90" length="73.88" shape="168.86,30.27 100.61,1.99"/>
    </edge>
    <edge id="edge5" from="5" to="6" priority="-1" type="car">
        <lane id="edge5_0" index="0" speed="13.90" length="73.88" shape="99.39,1.99 31.14,30.27"/>
    </edge>
    <edge id="edge6" from="6" to="7" priority="-1" type="car">
        <lane id="edge6_0" index="0" speed="13.90" length="73.88" shape="30.27,31.14 1.99,99.39"/>
    </edge>
    <edge id="edge7" from="7" to="8" priority="-1" type="car">
        <lane id="edge7_0" index="0" speed="13.90" length="73.88" shape="1.99,100.61 30.27,168.86"/>
    </edge>
    <edge id="edge8" from="8" to="1" priority="-1" type="car">
        <lane id="edge8_0" index="0" speed="13.90" length="73.88" shape="31.14,169.73 99.39,198.01"/>
    </edge>

    <junction id="1" type="priority" x="100.00" y="200.00" incLanes="edge8_0" intLanes=":1_0_0" shape="101.23,199.49 100.00,196.54 98.77,199.49 99.59,199.72 100.00,199.75 100.41,199.72 100.82,199.63">
        <request index="0" response="0" foes="0" cont="0"/>
    </junction>
    <junction id="2" type="priority" x="170.70" y="170.70" incLanes="edge1_0" intLanes=":2_0_0" shape="171.21,169.48 168.25,168.25 169.48,171.21 170.32,170.80 170.59,170.59 170.80,170.32 170.99,169.96">
        <request index="0" response="0" foes="0" cont="0"/>
    </junction>
    <junction id="3" type="priority" x="200.00" y="100.00" incLanes="edge2_0" intLanes=":3_0_0" shape="199.49,98.77 196.54,100.00 199.49,101.23 199.72,100.41 199.75,100.00 199.72,99.59 199.63,99.18">
        <request index="0" response="0" foes="0" cont="0"/>
    </junction>
    <junction id="4" type="priority" x="170.70" y="29.30" incLanes="edge3_0" intLanes=":4_0_0" shape="168.25,31.75 171.21,30.52 170.80,29.68 170.59,29.41 170.32,29.20 169.96,29.01 169.48,28.79">
        <request index="0" response="0" foes="0" cont="0"/>
    </junction>
    <junction id="5" type="priority" x="100.00" y="0.00" incLanes="edge4_0" intLanes=":5_0_0" shape="100.00,3.46 101.23,0.51 100.41,0.28 100.00,0.25 99.59,0.28 99.18,0.37 98.77,0.51">
        <request index="0" response="0" foes="0" cont="0"/>
    </junction>
    <junction id="6" type="priority" x="29.30" y="29.30" incLanes="edge5_0" intLanes=":6_0_0" shape="31.75,31.75 30.52,28.79 29.68,29.20 29.41,29.41 29.20,29.68 29.01,30.04 28.79,30.52">
        <request index="0" response="0" foes="0" cont="0"/>
    </junction>
    <junction id="7" type="priority" x="0.00" y="100.00" incLanes="edge6_0" intLanes=":7_0_0" shape="0.51,101.23 3.46,100.00 0.51,98.77 0.28,99.59 0.25,100.00 0.28,100.41 0.37,100.82">
        <request index="0" response="0" foes="0" cont="0"/>
    </junction>
    <junction id="8" type="priority" x="29.30" y="170.70" incLanes="edge7_0" intLanes=":8_0_0" shape="30.52,171.21 31.75,168.25 28.79,169.48 29.20,170.32 29.41,170.59 29.68,170.80 30.04,170.99">
        <request index="0" response="0" foes="0" cont="0"/>
    </junction>

    <connection from="edge1" to="edge2" fromLane="0" toLane="0" via=":2_0_0" dir="r" state="M"/>
    <connection from="edge2" to="edge3" fromLane="0" toLane="0" via=":3_0_0" dir="r" state="M"/>
    <connection from="edge3" to="edge4" fromLane="0" toLane="0" via=":4_0_0" dir="r" state="M"/>
    <connection from="edge4" to="edge5" fromLane="0" toLane="0" via=":5_0_0" dir="r" state="M"/>
    <connection from="edge5" to="edge6" fromLane="0" toLane="0" via=":6_0_0" dir="r" state="M"/>
    <connection from="edge6" to="edge7" fromLane="0" toLane="0" via=":7_0_0" dir="r" state="M"/>
    <connection from="edge7" to="edge8" fromLane="0" toLane="0" via=":8_0_0" dir="r" state="M"/>
    <connection from="edge8" to="edge1" fromLane="0" toLane="0" via=":1_0_0" dir="r" state="M"/>

    <connection from=":1_0" to="edge1" fromLane="0" toLane="0" dir="r" state="M"/>
    <connection from=":2_0" to="edge2" fromLane="0" toLane="0" dir="r" state="M"/>
    <connection from=":3_0" to="edge3" fromLane="0" toLane="0" dir="r" state="M"/>
    <connection from=":4_0" to="edge4" fromLane="0" toLane="0" dir="r" state="M"/>
    <connection from=":5_0" to="edge5" fromLane="0" toLane="0" dir="r" state="M"/>
    <connection from=":6_0" to="edge6" fromLane="0" toLane="0" dir="r" state="M"/>
    <connection from=":7_0" to="edge7" fromLane="0" toLane="0" dir="r" state="M"/>
    <connection from=":8_0" to="edge8" fromLane="0" toLane="0" dir="r" state="M"/>

</net>
